{
  "project_info": {
    "project_number": "493901709659",
    "firebase_url": "https://translate-it-53673-default-rtdb.firebaseio.com",
    "project_id": "translate-it-53673",
    "storage_bucket": "translate-it-53673.appspot.com"
  },
  "client": [
    {
      "client_info": {
        "mobilesdk_app_id": "1:493901709659:android:5a01cb99415550774bda7e",
        "android_client_info": {
          "package_name": "com.example.translateit"
        }
      },
      "oauth_client": [
        {
          "client_id": "493901709659-nguu5c55pp8u6o8j21ltdcca53fnhb00.apps.googleusercontent.com",
          "client_type": 1,
          "android_info": {
            "package_name": "com.example.translateit",
            "certificate_hash": "1cd5133c65589397877a07fc53073d2cbbec4e3b"
          }
        },
        {
          "client_id": "493901709659-ldirc7gfpj9liuau7c09fk3fg113dcui.apps.googleusercontent.com",
          "client_type": 3
        }
      ],
      "api_key": [
        {
          "current_key": "AIzaSyB_7UKJq8ymuzDKc5BPBmkp24kxCkRQ0kQ"
        }
      ],
      "services": {
        "appinvite_service": {
          "other_platform_oauth_client": [
            {
              "client_id": "493901709659-ldirc7gfpj9liuau7c09fk3fg113dcui.apps.googleusercontent.com",
              "client_type": 3
            }
          ]
        }
      }
    }
  ],
  "configuration_version": "1"
}